{"no2_concentration":0.750596617851613,"cars_per_hour":1.0871663816334,"temperature_at_2m":6.52463600440515,"wind_speed":1.78417222853685,"temperature_diff_2m_25m":1.06523663952964,"wind_direction":86.5102132573702,"hour_of_day":6.80269279465985}
