"no2_concentration","cars_per_hour","temperature_at_2m","wind_speed","temperature_diff_2m_25m","wind_direction","hour_of_day"
3.98155,7.64108,6.7,2.3,-0.4,247,10
4.37827,8.19589,-3.2,2,3,211.7,17
3.02529,7.05531,11.2,3.3,2.3,302.8,23
2.72785,7.18992,7,4.1,0.4,159,22
3.87743,7.46107,-2.8,1.4,-0.1,243,20
2.87356,6.40688,-4.1,2.1,-0.1,146.8,24
2.76632,5.66643,1.3,2.1,1.8,226.8,6
4.2312,8.17245,4.2,5.9,0.3,214,16
4.25135,7.75018,9.9,1.8,-1.3,266.3,14
4.5819,8.30251,3.5,0.5,-2.2,207.9,8
