{"loc":29.7544421070257,"v.g.":3.90076320771447,"ev.g.":2.20065891356961,"iv.g.":3.37585926034096,"n":83.5998742016559,"v":516.317604608996,"l":0.317029045900935,"d":7.86364554905969,"i":21.5003669123775,"e":17444.9812113786,"b":0.175506526363165,"t":969.165160254044,"lOCode":24.1883019858826,"lOComment":3.08527120445617,"lOBlank":3.85685016560421,"locCodeAndComment":0.704022726864991,"uniq_Op":5.73034650423644,"uniq_Opnd":12.1957265591099,"total_Op":51.7760559181561,"total_Opnd":32.0743984242707,"branchCount":7.7922064524502}
