{"loc":20.3722617354196,"v.g.":2.8380275011854,"ev.g.":1.67444286391655,"iv.g.":2.54642010431484,"n":49.8294452347084,"v":258.696718824087,"l":0.319582740635372,"d":6.77124229492651,"i":21.2400711237553,"e":5242.38623992413,"b":0.0867377904220009,"t":291.245040303461,"lOCode":14.5253674727359,"lOComment":0.945945945945946,"lOBlank":1.75960170697013,"locCodeAndComment":0.132764343290659,"uniq_Op":7.6316737790422,"uniq_Opnd":9.53731626363205,"total_Op":31.0437174016121,"total_Opnd":18.7867235656709,"branchCount":4.66590801327643}
