{"attr1":1.09653585567561e-10,"attr2":1.29759455638566e-09,"attr3":5.69811305821967e-10,"attr4":-2.43570596805242e-09,"attr5":-1.12067961129823e-09,"attr6":1.45948316255973e-09}
