{"preg":3.36957806269887,"plas":31.9726181951362,"pres":19.3558071706448,"skin":15.9522175677276,"insu":115.244002351338,"mass":7.88416032037545,"pedi":0.331328595012775,"age":11.7602315406787}
