{"CRIM":8.60154510533249,"ZN":23.3224529945151,"INDUS":6.86035294089759,"NOX":0.115877675667556,"RM":0.702617143415323,"AGE":28.1488614069036,"DIS":2.10571012662761,"RAD":8.70725938423937,"TAX":168.537116054959,"PTRATIO":2.16494552371444,"B":91.2948643841578,"LSTAT":7.14106151134857}
