{"preg":3.84505208333333,"plas":120.89453125,"pres":69.10546875,"skin":20.5364583333333,"insu":79.7994791666667,"mass":31.992578125,"pedi":0.471876302083333,"age":33.2408854166667}
