{"attr1":1.00000000207305,"attr2":1.00000000025522,"attr3":1.00000000272261,"attr4":1.00000000194532,"attr5":0.999999999070671,"attr6":0.999999998337711}
