"V1","V2","V3","V4","V5","V6","V7","V8","V9","V10","dist.target","dist.x.interest","nr.changed","dist.train","row_ids"
60,"Male",0.7,2.15176996390099,171,31,-60.0203286163061,7,3.5,1,0,0.0117067461170022,2,0.0192585057648646,489
28.4606169051489,"Male",-1.36000522550078,0.276139025950362,550.005681610108,29.0023984577326,173.090763677939,5.9,2.66943552522823,0.788459046609212,0,0.0224097321276783,8,0.0261504394279733,252
69.0450760133109,"Male",1.7,-0.812728304704543,400,20.3480918456523,225.05505065194,5.92643796453954,3.1,1.10350260849425,0,0.0167020660843427,6,0.0308151383424359,225
32.1165109506463,"Male",6.6477237054861,9,1020,-15.4291799570543,42,5.3,2.2,0.984824885344633,0,0.0765286767454103,4,0.0669794063067536,178
60.3274231480873,"Male",0.9,0.3,164.205353464258,61,171.86738920882,7,3.4,0.9,0.0714285714285714,0.0137076434657005,3,0.00867413177798955,13
75,"Male",0.40777285144817,-0.0262459857918298,215,-15.4291799570543,-118.800559061113,5.36571695672179,2.6,0.695431851317888,0.0714285714285714,0.017743661015659,6,0.0300373083508116,340
50,"Male",0.7,-0.0867229881402678,252.838099822594,-15.4291799570543,-38.9899389328818,8.4,4.2,1,0,0.00656910276163954,4,0.00981283526184394,304
50,"Male",1.6,0.8,156.829367750945,18,186.722650619549,5.9,2.9,0.96,0.0714285714285714,0.00637766706677805,2,0.0194275340022994,152
37,"Male",1.8,0.8,156.829367750945,62,186.722650619549,5.7,2.9,1,0,0.00319473393533239,2,0.0188264839623577,351
58,"Female",2.8,0.276139025950362,670,48,-86.6432873014167,4.55021162112166,1.92113891756019,0.824453045751191,0.214285714285714,0.030721447113391,5,0.0357419038213299,80
