{"V1":44.746140651801,"V3":3.29879931389365,"V4":1.4861063464837,"V5":290.576329331046,"V6":80.7135506003431,"V7":109.910806174957,"V8":6.48319039451115,"V9":3.14185248713551,"V10":0.947063903945112}
