{"loc":77.9440475041743,"v.g.":10.9767716581574,"ev.g.":6.66500309069353,"iv.g.":8.05486047765433,"n":233.230165466128,"v":1817.46832016964,"l":0.275608904693432,"d":11.088639965732,"i":32.225596679959,"e":113271.216451422,"b":0.608792331140505,"t":7556.52158121456,"lOCode":64.4314850081845,"lOComment":5.58205240221849,"lOBlank":9.21475312531488,"lOCodeAndComment":1.03823585081206,"uniq_Op":6.36018041387831,"uniq_Opnd":22.0866611514559,"total_Op":142.990741355201,"total_Opnd":90.3986198456156,"branchCount":21.9427787272654}
