{"Wifes_age":32.5383570943652,"Number_of_children_ever_born":3.26137135098439}
