{"Wifes_age":8.22724475547061,"Number_of_children_ever_born":2.35854886268742}
