{"loc":35.2840170090127,"v.g.":8.95897601184721,"ev.g.":5.56770429392132,"iv.G.":6.40199818738095,"N":197.336887910694,"V":1509.54568376158,"L":0.146951940331807,"D":16.3375081156981,"I":35.3876848035427,"E":170643.603327784,"B":0.504773125545179,"T":9480.19998853798,"lOCode":33.574644872463,"lOComment":10.5184466348172,"locCodeAndComment":3.34529745982999,"lOBlank":12.301209625997,"uniq_Op":8.182224330344,"uniq_Opnd":29.0514344346585,"total_Op":111.70323564581,"total_Opnd":86.3086893715343,"branchCount":16.5406759986596}
