{"loc":23.3761045987376,"v.g.":5.5107303877367,"ev.g.":2.7668169522092,"iv.G.":3.32137060414788,"N":117.393417493237,"V":699.711217312895,"L":0.12941388638413,"D":15.3962669071235,"I":32.9044724977457,"E":28822.882380523,"B":0.235229936880072,"T":1601.27302975654,"lOCode":22.4346257889991,"lOComment":4.69612263300271,"locCodeAndComment":0.944995491433724,"lOBlank":6.74571686203787,"uniq_Op":13.3076645626691,"uniq_Opnd":20.892876465284,"total_Op":66.4934174932371,"total_Opnd":50.9018935978359,"branchCount":9.57655545536519}
