{"Course_instructor":13.6423841059603,"Course":8.10596026490066,"Class_size":27.8675496688742}
