"V1","V2","V3","V4","V5","V6","V7","V8","V9","V10","dist.target","dist.x.interest","nr.changed","dist.train","row_ids"
60,"Male",6.3,0.275363023510923,391.687120427489,-11.8749699089973,204.127138498727,6.6,3.7,1.27,0,0.0270753919735991,4,0.0270753919735991,"191"
17.9999999999999,"Male",-1.87000657097871,0.0999999999999974,312,31.0955998658504,196.384121920141,7.29630210119313,3.84047710253312,1.1,0,0.0303982238873021,5,0.0180244039402477,"100"
60.0843887246685,"Female",-0.93982021639692,1.3,168,-48.8921160771301,14.6254752936951,5.5,1.74722846839998,0.480377635750317,0,0.0203754976727006,6,0.0203754976727006,"147"
22.8364392405581,"Male",26.3,2.37752349032865,83.9089819361781,-54.1881064021219,630,9.20000000000001,2,1.00967942317469,0,0.104477449590898,5,0.104477449590898,"520"
20.9999999999999,"Male",0.999999999999996,-0.371995677359468,142,27.0000000000002,43.8062467279203,6.4,3.99321671327821,1.2,0.394736842105263,0.0146142876719397,3,0.0146142876719397,"204"
27.7549105985242,"Male",4.22339709892187,18.3,146.999977726054,-68.7246867424444,186,7.00464128743603,3.34439157513395,1.15672716085676,0.131578947368421,0.118840475427863,7,0.102184431892146,"532"
33,"Male",5.26970150978323,0.275363023510923,390.521018079428,-13.1898364724436,208.287565317072,6.29063130124539,3,0.800000000000001,0,0.0232416795388756,6,0.0232416795388756,"251"
46,"Male",18.4,1.78886238966734,109.028770017322,-55.5029729655682,-102.646555648404,7.5,2.79540404713818,1.0342670024449,0,0.0907692515032922,6,0.0586098789754017,"509"
61,"Male",0.699999999999996,0.199999999999997,109.028770017322,172.078514724254,40.9999999999999,6.03565874764827,2.7,0.882314488587164,0.289473684210526,0.0116490344272369,4,0.0116490344272369,"15"
72.3384735529917,"Male",1.4,0.599999999999997,328.596124637613,28.0000000000002,-74.0725131251872,5.2,2.2,0.700000000000001,0.236842105263158,0.0138779141851234,3,0.0138779141851234,"415"
