{"V1":16.1898333046944,"V3":6.20952172618015,"V4":2.80849761765896,"V5":242.937989179344,"V6":182.620356034202,"V7":288.918529051734,"V8":1.08545148402347,"V9":0.795518805964025,"V10":0.318491959458674}
