{"CRIM":3.61352355731225,"ZN":11.3636363636364,"INDUS":11.1367786561265,"NOX":0.554695059288538,"RM":6.28463438735178,"AGE":68.5749011857708,"DIS":3.79504268774704,"RAD":9.54940711462451,"TAX":408.237154150198,"PTRATIO":18.4555335968379,"B":356.674031620553,"LSTAT":12.6530632411067}
