{"loc":36.8948275862069,"v.g.":4.89348659003831,"ev.g.":2.44712643678161,"iv.g.":3.65019157088123,"n":94.6308429118774,"v":555.472643678161,"l":0.274463601532567,"d":9.73528735632184,"i":28.3204406130268,"e":18542.9916283525,"b":0.188965517241379,"t":1094.8114559387,"lOCode":27.772030651341,"lOComment":2,"lOBlank":4.33908045977012,"lOCodeAndComment":0.281609195402299,"uniq_Op":9.19770114942529,"uniq_Opnd":14.4659003831418,"total_Op":57.6114942528736,"total_Opnd":37.0233716475096,"branchCount":8.76513409961686}
