{"AGE":14.575225745778,"QUETELET":6.0135503984081,"CALORIES":680.34743484821,"FAT":33.8294429482822,"FIBER":5.3301924706656,"ALCOHOL":12.3228796412574,"CHOLESTEROL":131.991613947485,"BETADIET":1473.88654659007,"RETDIET":589.289030459139,"BETAPLASMA":183.000803400126}
