{"AGE":50.1460317460317,"QUETELET":26.1573735238095,"CALORIES":1796.6546031746,"FAT":77.0333333333333,"FIBER":12.7885714285714,"ALCOHOL":3.27936507936508,"CHOLESTEROL":242.460634920635,"BETADIET":2185.60317460317,"RETDIET":832.714285714286,"BETAPLASMA":189.892063492063}
