{"Length":0.523992099593009,"Diameter":0.407881254488868,"Height":0.139516399329662,"Whole.weight":0.828742159444577,"Shucked.weight":0.359367488628202,"Viscera.weight":0.180593607852526,"Shell.weight":0.238830859468518}
