{"Length":0.1200929125648,"Diameter":0.0992398661336595,"Height":0.0418270566072573,"Whole.weight":0.490389018230998,"Shucked.weight":0.22196294903322,"Viscera.weight":0.109614250259684,"Shell.weight":0.139202669522386}
