{"no2_concentration":3.69836786,"cars_per_hour":6.97334206,"temperature_at_2m":0.8474,"wind_speed":3.056,"temperature_diff_2m_25m":0.1494,"wind_direction":143.3704,"hour_of_day":12.382}
