"no2_concentration","cars_per_hour","temperature_at_2m","wind_speed","temperature_diff_2m_25m","wind_direction","hour_of_day"
3.89589,7.91681,-9.1,1.6,0.6,21,14
3.19458,5.7462,-6.4,5.1,-0.1,82,6
3.7495,7.99934,4.8,2.6,0.3,194,16
3.31782,7.61923,16.6,4.8,-1.1,136.9,14
3.14845,6.74993,-2.8,2,-0.9,231.8,10
3.96651,5.43808,-0.9,1.6,4.3,96,6
3.71113,8.21311,1.1,9.3,0.1,213.9,17
2.92852,6.30079,-1.6,2,0.1,289.1,7
3.36038,4.45435,-2.8,5.3,0.4,67,3
4.4128,7.21008,-1.8,1.8,1.1,2,21
