{"Course_instructor":6.82577895028441,"Course":7.02391374081506,"Class_size":12.8937584366435}
